compositor,blur,scene,seconds,completions,damage_events,interval_median_ms,interval_p95_ms,interval_max_ms,skipped_vblanks,compositor_cpu,server_cpu,wm_cpu,probe_cpu,compositor_rss_before_kib,compositor_rss_after_kib,open_median_ms,open_p95_ms,open_max_ms,close_median_ms,close_p95_ms,close_max_ms,gpu_busy_mean,gpu_busy_max
compust,0,idle,20.001,0,0,,,,0,0.00,5.35,0.00,1.05,3792,3792,,,,,,,0.0,1
compust,0,small-update,20.000,1200,1200,16.667,16.675,16.678,0,0.30,7.80,0.00,1.05,3920,3920,,,,,,,8.4,10
compust,0,fullscreen-translucent,20.001,1200,1200,16.667,16.674,16.677,0,0.30,8.00,0.00,0.90,3856,3856,,,,,,,5.4,6
compust,1,fullscreen-translucent,20.000,1200,1200,16.667,16.674,16.678,0,0.40,8.25,0.00,0.95,3936,3936,,,,,,,6.1,7
compust,0,eight-translucent,20.000,1200,1200,16.667,16.674,16.677,0,0.45,8.45,0.00,0.90,3860,3860,,,,,,,5.2,6
compust,1,eight-translucent,20.001,1200,1200,16.667,16.674,16.677,0,1.00,9.40,0.00,1.00,3932,3932,,,,,,,6.1,7
compust,0,move-resize,20.002,1200,1200,16.667,16.675,16.678,0,1.05,8.80,0.05,0.85,3844,3844,,,,,,,8.4,9
compust,0,open-close,4.033,242,242,16.667,16.675,16.677,0,0.25,9.17,0.00,0.74,3920,3924,16.648,33.229,33.263,16.668,16.716,16.730,5.4,6
picom-xrender,0,idle,20.002,0,0,,,,0,0.00,5.30,0.00,1.10,6912,6912,,,,,,,0.0,1
picom-xrender,0,small-update,20.001,1200,1200,16.667,16.676,16.678,0,0.75,7.40,0.00,1.40,6884,6884,,,,,,,6.7,9
picom-xrender,0,fullscreen-translucent,20.001,1200,1200,16.667,16.674,16.678,0,0.80,7.80,0.00,0.95,6948,6948,,,,,,,7.6,9
picom-xrender,1,fullscreen-translucent,20.000,24,24,833.332,850.002,850.004,1122,0.05,97.10,0.00,0.80,6828,6828,,,,,,,1.5,10
picom-xrender,0,eight-translucent,20.001,1200,1200,16.667,16.674,16.677,0,1.55,10.15,0.00,1.05,6992,6992,,,,,,,5.3,7
picom-xrender,1,eight-translucent,20.001,93,93,233.332,233.343,233.344,1103,0.35,91.19,0.00,0.90,7136,7136,,,,,,,7.1,11
picom-xrender,0,move-resize,20.001,1200,1200,16.667,16.675,16.678,0,1.10,8.30,0.05,1.40,7064,7064,,,,,,,7.0,9
picom-xrender,0,open-close,5.000,300,300,16.667,16.676,16.677,0,1.20,8.20,0.00,0.80,6820,6820,33.791,33.974,34.067,16.143,16.315,16.406,7.8,10
picom-glx,0,idle,20.002,0,0,,,,0,0.00,5.35,0.00,1.05,79308,79308,,,,,,,0.0,1
picom-glx,0,small-update,20.001,1200,1200,16.667,16.677,16.678,0,1.40,6.60,0.00,1.20,79376,79376,,,,,,,3.8,5
picom-glx,0,fullscreen-translucent,20.001,1200,1200,16.667,16.670,16.677,0,1.45,6.60,0.00,1.00,79540,79540,,,,,,,4.9,6
picom-glx,1,fullscreen-translucent,20.001,1200,1200,16.667,16.668,16.678,0,1.60,6.70,0.00,0.80,79792,79792,,,,,,,6.0,8
picom-glx,0,eight-translucent,20.002,1200,1200,16.667,16.677,16.678,0,1.80,6.70,0.00,1.20,80060,80060,,,,,,,4.0,5
picom-glx,1,eight-translucent,20.002,1200,1200,16.667,16.677,16.678,0,3.30,6.70,0.00,1.05,81028,81080,,,,,,,5.7,7
picom-glx,0,move-resize,20.001,1200,1200,16.667,16.677,16.678,0,2.80,9.00,0.05,1.30,79428,79428,,,,,,,6.6,9
picom-glx,0,open-close,5.000,300,300,16.667,16.677,16.678,0,2.00,8.80,0.00,1.20,79488,79488,33.258,33.392,33.472,16.672,16.791,16.851,5.8,8
