ust_us,msc
40402701481,35224438
40402718149,35224439
40402734814,35224440
40402751484,35224441
40402768148,35224442
40402784815,35224443
40402801484,35224444
40402818148,35224445
40402834815,35224446
40402851487,35224447
40402868149,35224448
40402884814,35224449
40402901482,35224450
40402918148,35224451
40402934819,35224452
40402951488,35224453
40402968149,35224454
40402984821,35224455
40403001485,35224456
40403018151,35224457
40403034816,35224458
40403051482,35224459
40403068149,35224460
40403084821,35224461
40403101482,35224462
40403118149,35224463
40403134822,35224464
40403151486,35224465
40403168147,35224466
40403184816,35224467
40403201483,35224468
40403218158,35224469
40403234823,35224470
40403251482,35224471
40403268147,35224472
40403284823,35224473
40403301490,35224474
40403318151,35224475
40403334818,35224476
40403351486,35224477
40403368152,35224478
40403384820,35224479
40403401483,35224480
40403418154,35224481
40403434820,35224482
40403451484,35224483
40403468154,35224484
40403484821,35224485
40403501483,35224486
40403518154,35224487
40403534825,35224488
40403551482,35224489
40403568157,35224490
40403584818,35224491
40403601483,35224492
40403618157,35224493
40403634821,35224494
40403651488,35224495
40403668150,35224496
40403684821,35224497
40403701484,35224498
40403718152,35224499
40403734818,35224500
40403751491,35224501
40403768151,35224502
40403784825,35224503
40403801490,35224504
40403818152,35224505
40403834821,35224506
40403851483,35224507
40403868155,35224508
40403884819,35224509
40403901484,35224510
40403918152,35224511
40403934818,35224512
40403951494,35224513
40403968156,35224514
40403984820,35224515
40404001493,35224516
40404018156,35224517
40404034819,35224518
40404051486,35224519
40404068153,35224520
40404084819,35224521
40404101486,35224522
40404118157,35224523
40404134820,35224524
40404151489,35224525
40404168152,35224526
40404184820,35224527
40404201486,35224528
40404218152,35224529
40404234827,35224530
40404251489,35224531
40404268157,35224532
40404284820,35224533
40404301493,35224534
40404318159,35224535
40404334825,35224536
40404351485,35224537
40404368153,35224538
40404384821,35224539
40404401493,35224540
40404418160,35224541
40404434823,35224542
40404451490,35224543
40404468153,35224544
40404484826,35224545
40404501494,35224546
40404518155,35224547
40404534824,35224548
40404551491,35224549
40404568153,35224550
40404584819,35224551
40404601488,35224552
40404618154,35224553
40404634825,35224554
40404651495,35224555
40404668155,35224556
40404684830,35224557
40404701488,35224558
40404718160,35224559
40404734830,35224560
40404751495,35224561
40404768164,35224562
40404784820,35224563
40404801495,35224564
40404818164,35224565
40404834820,35224566
40404851497,35224567
40404868155,35224568
40404884821,35224569
40404901492,35224570
40404918155,35224571
40404934822,35224572
40404951498,35224573
40404968160,35224574
40404984831,35224575
40405001496,35224576
40405018160,35224577
40405034826,35224578
40405051494,35224579
40405068163,35224580
40405084829,35224581
40405101496,35224582
40405118164,35224583
40405134825,35224584
40405151495,35224585
40405168160,35224586
40405184827,35224587
40405201488,35224588
40405218161,35224589
40405234822,35224590
40405251499,35224591
40405268158,35224592
40405284823,35224593
40405301499,35224594
40405318164,35224595
40405334826,35224596
40405351490,35224597
40405368161,35224598
40405384831,35224599
40405401489,35224600
40405418161,35224601
40405434825,35224602
40405451490,35224603
40405468162,35224604
40405484825,35224605
40405501498,35224606
40405518158,35224607
40405534825,35224608
40405551492,35224609
40405568159,35224610
40405584825,35224611
40405601498,35224612
40405618158,35224613
40405634829,35224614
40405651490,35224615
40405668158,35224616
40405684826,35224617
40405701492,35224618
40405718158,35224619
40405734826,35224620
40405751495,35224621
40405768160,35224622
40405784825,35224623
40405801492,35224624
40405818163,35224625
40405834826,35224626
40405851492,35224627
40405868166,35224628
40405884827,35224629
40405901493,35224630
40405918160,35224631
40405934832,35224632
40405951502,35224633
40405968163,35224634
40405984827,35224635
40406001500,35224636
40406018164,35224637
40406034827,35224638
40406051492,35224639
40406068166,35224640
40406084833,35224641
40406101493,35224642
40406118163,35224643
40406134833,35224644
40406151496,35224645
40406168164,35224646
40406184826,35224647
40406201500,35224648
40406218161,35224649
40406234827,35224650
40406251494,35224651
40406268163,35224652
40406284834,35224653
40406301501,35224654
40406318165,35224655
40406334827,35224656
40406351497,35224657
40406368165,35224658
40406384829,35224659
40406401501,35224660
40406418170,35224661
40406434828,35224662
40406451498,35224663
40406468166,35224664
40406484832,35224665
40406501497,35224666
40406518169,35224667
40406534834,35224668
40406551498,35224669
40406568169,35224670
40406584832,35224671
40406601499,35224672
40406618170,35224673
40406634837,35224674
40406651503,35224675
40406668166,35224676
40406684829,35224677
40406701503,35224678
40406718163,35224679
40406734829,35224680
40406751503,35224681
40406768163,35224682
40406784833,35224683
40406801502,35224684
40406818163,35224685
40406834830,35224686
40406851504,35224687
40406868163,35224688
40406884831,35224689
40406901503,35224690
40406918167,35224691
40406934833,35224692
40406951504,35224693
40406968164,35224694
40406984838,35224695
40407001503,35224696
40407018164,35224697
40407034837,35224698
40407051504,35224699
40407068164,35224700
40407084837,35224701
40407101503,35224702
40407118165,35224703
40407134837,35224704
40407151501,35224705
40407168168,35224706
40407184832,35224707
40407201497,35224708
40407218168,35224709
40407234837,35224710
40407251505,35224711
40407268168,35224712
40407284834,35224713
40407301498,35224714
40407318166,35224715
40407334835,35224716
40407351501,35224717
40407368170,35224718
40407384839,35224719
40407401498,35224720
40407418169,35224721
40407434836,35224722
40407451503,35224723
40407468169,35224724
40407484833,35224725
40407501499,35224726
40407518166,35224727
40407534836,35224728
40407551498,35224729
40407568167,35224730
40407584836,35224731
40407601499,35224732
40407618168,35224733
40407634836,35224734
40407651503,35224735
40407668169,35224736
40407684837,35224737
40407701500,35224738
40407718170,35224739
40407734836,35224740
40407751503,35224741
40407768171,35224742
40407784834,35224743
40407801500,35224744
40407818171,35224745
40407834833,35224746
40407851503,35224747
40407868176,35224748
40407884833,35224749
40407901503,35224750
40407918165,35224751
40407934838,35224752
40407951503,35224753
40407968171,35224754
40407984834,35224755
40408001504,35224756
40408018171,35224757
40408034834,35224758
40408051503,35224759
40408068173,35224760
40408084833,35224761
40408101501,35224762
40408118168,35224763
40408134840,35224764
40408151505,35224765
40408168168,35224766
40408184839,35224767
40408201502,35224768
40408218175,35224769
40408234841,35224770
40408251505,35224771
40408268172,35224772
40408284842,35224773
40408301508,35224774
40408318175,35224775
40408334841,35224776
40408351506,35224777
40408368173,35224778
40408384836,35224779
40408401502,35224780
40408418170,35224781
40408434839,35224782
40408451503,35224783
40408468173,35224784
40408484843,35224785
40408501506,35224786
40408518169,35224787
40408534839,35224788
40408551510,35224789
40408568173,35224790
40408584836,35224791
40408601510,35224792
40408618174,35224793
40408634836,35224794
40408651510,35224795
40408668176,35224796
40408684840,35224797
40408701505,35224798
40408718171,35224799
40408734841,35224800
40408751507,35224801
40408768174,35224802
40408784841,35224803
40408801504,35224804
40408818175,35224805
40408834842,35224806
40408851509,35224807
40408868180,35224808
40408884846,35224809
40408901511,35224810
40408918175,35224811
40408934841,35224812
40408951508,35224813
40408968177,35224814
40408984838,35224815
40409001512,35224816
40409018171,35224817
40409034842,35224818
40409051509,35224819
40409068176,35224820
40409084839,35224821
40409101513,35224822
40409118176,35224823
40409134842,35224824
40409151509,35224825
40409168178,35224826
40409184846,35224827
40409201508,35224828
40409218172,35224829
40409234842,35224830
40409251508,35224831
40409268171,35224832
40409284839,35224833
40409301513,35224834
40409318178,35224835
40409334842,35224836
40409351509,35224837
40409368172,35224838
40409384843,35224839
40409401513,35224840
40409418179,35224841
40409434843,35224842
40409451510,35224843
40409468176,35224844
40409484843,35224845
40409501510,35224846
40409518172,35224847
40409534843,35224848
40409551509,35224849
40409568181,35224850
40409584847,35224851
40409601510,35224852
40409618179,35224853
40409634848,35224854
40409651510,35224855
40409668182,35224856
40409684847,35224857
40409701511,35224858
40409718175,35224859
40409734848,35224860
40409751508,35224861
40409768174,35224862
40409784848,35224863
40409801511,35224864
40409818182,35224865
40409834848,35224866
40409851509,35224867
40409868179,35224868
40409884848,35224869
40409901512,35224870
40409918179,35224871
40409934848,35224872
40409951506,35224873
40409968180,35224874
40409984849,35224875
40410001516,35224876
40410018179,35224877
40410034848,35224878
40410051511,35224879
40410068182,35224880
40410084845,35224881
40410101514,35224882
40410118179,35224883
40410134842,35224884
40410151516,35224885
40410168174,35224886
40410184845,35224887
40410201513,35224888
40410218178,35224889
40410234848,35224890
40410251516,35224891
40410268178,35224892
40410284848,35224893
40410301517,35224894
40410318177,35224895
40410334852,35224896
40410351517,35224897
40410368182,35224898
40410384852,35224899
40410401518,35224900
40410418183,35224901
40410434853,35224902
40410451513,35224903
40410468183,35224904
40410484845,35224905
40410501519,35224906
40410518183,35224907
40410534848,35224908
40410551514,35224909
40410568177,35224910
40410584842,35224911
40410601514,35224912
40410618182,35224913
40410634845,35224914
40410651515,35224915
40410668183,35224916
40410684850,35224917
40410701511,35224918
40410718185,35224919
40410734850,35224920
40410751510,35224921
40410768179,35224922
40410784845,35224923
40410801519,35224924
40410818184,35224925
40410834852,35224926
40410851515,35224927
40410868182,35224928
40410884849,35224929
40410901516,35224930
40410918186,35224931
40410934849,35224932
40410951512,35224933
40410968186,35224934
40410984849,35224935
40411001517,35224936
40411018182,35224937
40411034846,35224938
40411051516,35224939
40411068186,35224940
40411084845,35224941
40411101521,35224942
40411118182,35224943
40411134849,35224944
40411151516,35224945
40411168187,35224946
40411184850,35224947
40411201519,35224948
40411218187,35224949
40411234850,35224950
40411251516,35224951
40411268184,35224952
40411284850,35224953
40411301521,35224954
40411318185,35224955
40411334847,35224956
40411351517,35224957
40411368179,35224958
40411384850,35224959
40411401517,35224960
40411418185,35224961
40411434850,35224962
40411451518,35224963
40411468188,35224964
40411484851,35224965
40411501518,35224966
40411518185,35224967
40411534851,35224968
40411551515,35224969
40411568181,35224970
40411584847,35224971
40411601522,35224972
40411618188,35224973
40411634848,35224974
40411651519,35224975
40411668181,35224976
40411684851,35224977
40411701521,35224978
40411718186,35224979
40411734848,35224980
40411751522,35224981
40411768183,35224982
40411784852,35224983
40411801523,35224984
40411818188,35224985
40411834850,35224986
40411851523,35224987
40411868189,35224988
40411884852,35224989
40411901523,35224990
40411918190,35224991
40411934855,35224992
40411951520,35224993
40411968190,35224994
40411984852,35224995
40412001516,35224996
40412018189,35224997
40412034859,35224998
40412051519,35224999
40412068187,35225000
40412084853,35225001
40412101524,35225002
40412118182,35225003
40412134853,35225004
40412151521,35225005
40412168187,35225006
40412184856,35225007
40412201525,35225008
40412218186,35225009
40412234854,35225010
40412251521,35225011
40412268188,35225012
40412284854,35225013
40412301525,35225014
40412318187,35225015
40412334854,35225016
40412351518,35225017
40412368188,35225018
40412384854,35225019
40412401521,35225020
40412418188,35225021
40412434855,35225022
40412451521,35225023
40412468185,35225024
40412484856,35225025
40412501524,35225026
40412518189,35225027
40412534855,35225028
40412551523,35225029
40412568188,35225030
40412584855,35225031
40412601519,35225032
40412618194,35225033
40412634851,35225034
40412651522,35225035
40412668189,35225036
40412684856,35225037
40412701528,35225038
40412718187,35225039
40412734852,35225040
40412751526,35225041
40412768189,35225042
40412784860,35225043
40412801519,35225044
40412818191,35225045
40412834856,35225046
40412851523,35225047
40412868195,35225048
40412884856,35225049
40412901527,35225050
40412918191,35225051
40412934857,35225052
40412951523,35225053
40412968194,35225054
40412984857,35225055
40413001524,35225056
40413018192,35225057
40413034856,35225058
40413051523,35225059
40413068188,35225060
40413084857,35225061
40413101528,35225062
40413118188,35225063
40413134859,35225064
40413151523,35225065
40413168189,35225066
40413184854,35225067
40413201529,35225068
40413218192,35225069
40413234854,35225070
40413251530,35225071
40413268192,35225072
40413284855,35225073
40413301529,35225074
40413318189,35225075
40413334861,35225076
40413351529,35225077
40413368192,35225078
40413384861,35225079
40413401521,35225080
40413418189,35225081
40413434861,35225082
40413451528,35225083
40413468192,35225084
40413484854,35225085
40413501530,35225086
40413518187,35225087
40413534854,35225088
40413551525,35225089
40413568193,35225090
40413584859,35225091
40413601530,35225092
40413618189,35225093
40413634860,35225094
40413651526,35225095
40413668193,35225096
40413684860,35225097
40413701530,35225098
40413718193,35225099
40413734860,35225100
40413751530,35225101
40413768193,35225102
40413784864,35225103
40413801527,35225104
40413818194,35225105
40413834864,35225106
40413851527,35225107
40413868190,35225108
40413884866,35225109
40413901530,35225110
40413918194,35225111
40413934865,35225112
40413951528,35225113
40413968197,35225114
40413984857,35225115
40414001532,35225116
40414018194,35225117
40414034861,35225118
40414051526,35225119
40414068195,35225120
40414084861,35225121
40414101526,35225122
40414118194,35225123
40414134861,35225124
40414151528,35225125
40414168195,35225126
40414184861,35225127
40414201532,35225128
40414218196,35225129
40414234862,35225130
40414251528,35225131
40414268194,35225132
40414284862,35225133
40414301531,35225134
40414318196,35225135
40414334862,35225136
40414351530,35225137
40414368195,35225138
40414384862,35225139
40414401532,35225140
40414418196,35225141
40414434862,35225142
40414451530,35225143
40414468196,35225144
40414484863,35225145
40414501532,35225146
40414518196,35225147
40414534863,35225148
40414551532,35225149
40414568197,35225150
40414584863,35225151
40414601532,35225152
40414618198,35225153
40414634863,35225154
40414651531,35225155
40414668197,35225156
40414684864,35225157
40414701533,35225158
40414718203,35225159
40414734863,35225160
40414751528,35225161
40414768198,35225162
40414784864,35225163
40414801535,35225164
40414818200,35225165
40414834864,35225166
40414851533,35225167
40414868197,35225168
40414884864,35225169
40414901528,35225170
40414918199,35225171
40414934865,35225172
40414951532,35225173
40414968199,35225174
40414984869,35225175
40415001537,35225176
40415018199,35225177
40415034868,35225178
40415051536,35225179
40415068198,35225180
40415084869,35225181
40415101528,35225182
40415118202,35225183
40415134869,35225184
40415151533,35225185
40415168199,35225186
40415184866,35225187
40415201537,35225188
40415218202,35225189
40415234867,35225190
40415251533,35225191
40415268204,35225192
40415284869,35225193
40415301537,35225194
40415318202,35225195
40415334870,35225196
40415351533,35225197
40415368201,35225198
40415384870,35225199
40415401536,35225200
40415418202,35225201
40415434870,35225202
40415451534,35225203
40415468198,35225204
40415484866,35225205
40415501537,35225206
40415518198,35225207
40415534866,35225208
40415551532,35225209
40415568201,35225210
40415584867,35225211
40415601529,35225212
40415618200,35225213
40415634867,35225214
40415651537,35225215
40415668201,35225216
40415684867,35225217
40415701537,35225218
40415718198,35225219
40415734864,35225220
40415751534,35225221
40415768201,35225222
40415784868,35225223
40415801534,35225224
40415818197,35225225
40415834868,35225226
40415851534,35225227
40415868199,35225228
40415884868,35225229
40415901539,35225230
40415918205,35225231
40415934868,35225232
40415951535,35225233
40415968206,35225234
40415984868,35225235
40416001538,35225236
40416018206,35225237
40416034869,35225238
40416051536,35225239
40416068199,35225240
40416084865,35225241
40416101538,35225242
40416118200,35225243
40416134869,35225244
40416151537,35225245
40416168204,35225246
40416184866,35225247
40416201539,35225248
40416218203,35225249
40416234870,35225250
40416251534,35225251
40416268199,35225252
40416284870,35225253
40416301539,35225254
40416318209,35225255
40416334869,35225256
40416351533,35225257
40416368208,35225258
40416384869,35225259
40416401542,35225260
40416418200,35225261
40416434866,35225262
40416451533,35225263
40416468205,35225264
40416484866,35225265
40416501538,35225266
40416518207,35225267
40416534870,35225268
40416551537,35225269
40416568203,35225270
40416584871,35225271
40416601540,35225272
40416618205,35225273
40416634871,35225274
40416651537,35225275
40416668203,35225276
40416684871,35225277
40416701533,35225278
40416718204,35225279
40416734876,35225280
40416751538,35225281
40416768207,35225282
40416784871,35225283
40416801533,35225284
40416818205,35225285
40416834872,35225286
40416851538,35225287
40416868207,35225288
40416884871,35225289
40416901535,35225290
40416918207,35225291
40416934873,35225292
40416951538,35225293
40416968208,35225294
40416984872,35225295
40417001537,35225296
40417018204,35225297
40417034872,35225298
40417051538,35225299
40417068205,35225300
40417084871,35225301
40417101543,35225302
40417118205,35225303
40417134872,35225304
40417151538,35225305
40417168206,35225306
40417184872,35225307
40417201535,35225308
40417218206,35225309
40417234872,35225310
40417251541,35225311
40417268202,35225312
40417284873,35225313
40417301538,35225314
40417318207,35225315
40417334873,35225316
40417351541,35225317
40417368210,35225318
40417384873,35225319
40417401540,35225320
40417418206,35225321
40417434873,35225322
40417451543,35225323
40417468204,35225324
40417484873,35225325
40417501540,35225326
40417518213,35225327
40417534874,35225328
40417551541,35225329
40417568211,35225330
40417584873,35225331
40417601541,35225332
40417618208,35225333
40417634874,35225334
40417651541,35225335
40417668211,35225336
40417684874,35225337
40417701541,35225338
40417718207,35225339
40417734874,35225340
40417751547,35225341
40417768211,35225342
40417784875,35225343
40417801547,35225344
40417818208,35225345
40417834875,35225346
40417851544,35225347
40417868213,35225348
40417884876,35225349
40417901549,35225350
40417918205,35225351
40417934877,35225352
40417951547,35225353
40417968212,35225354
40417984876,35225355
40418001541,35225356
40418018210,35225357
40418034876,35225358
40418051547,35225359
40418068213,35225360
40418084874,35225361
40418101539,35225362
40418118206,35225363
40418134877,35225364
40418151540,35225365
40418168207,35225366
40418184878,35225367
40418201541,35225368
40418218211,35225369
40418234883,35225370
40418251545,35225371
40418268211,35225372
40418284876,35225373
40418301541,35225374
40418318214,35225375
40418334876,35225376
40418351544,35225377
40418368211,35225378
40418384879,35225379
40418401541,35225380
40418418211,35225381
40418434879,35225382
40418451546,35225383
40418468211,35225384
40418484879,35225385
40418501541,35225386
40418518211,35225387
40418534882,35225388
40418551546,35225389
40418568212,35225390
40418584882,35225391
40418601546,35225392
40418618208,35225393
40418634880,35225394
40418651548,35225395
40418668218,35225396
40418684879,35225397
40418701546,35225398
40418718213,35225399
40418734880,35225400
40418751550,35225401
40418768216,35225402
40418784881,35225403
40418801547,35225404
40418818215,35225405
40418834876,35225406
40418851550,35225407
40418868216,35225408
40418884883,35225409
40418901544,35225410
40418918214,35225411
40418934881,35225412
40418951550,35225413
40418968217,35225414
40418984878,35225415
40419001545,35225416
40419018214,35225417
40419034880,35225418
40419051551,35225419
40419068214,35225420
40419084877,35225421
40419101548,35225422
40419118216,35225423
40419134877,35225424
40419151548,35225425
40419168214,35225426
40419184881,35225427
40419201554,35225428
40419218215,35225429
40419234877,35225430
40419251549,35225431
40419268219,35225432
40419284882,35225433
40419301546,35225434
40419318216,35225435
40419334882,35225436
40419351552,35225437
40419368216,35225438
40419384884,35225439
40419401544,35225440
40419418216,35225441
40419434883,35225442
40419451552,35225443
40419468212,35225444
40419484883,35225445
40419501545,35225446
40419518212,35225447
40419534883,35225448
40419551553,35225449
40419568212,35225450
40419584880,35225451
40419601550,35225452
40419618212,35225453
40419634880,35225454
40419651551,35225455
40419668217,35225456
40419684883,35225457
40419701548,35225458
40419718212,35225459
40419734884,35225460
40419751551,35225461
40419768219,35225462
40419784884,35225463
40419801547,35225464
40419818217,35225465
40419834884,35225466
40419851550,35225467
40419868221,35225468
40419884885,35225469
40419901547,35225470
40419918218,35225471
40419934885,35225472
40419951550,35225473
40419968218,35225474
40419984884,35225475
40420001556,35225476
40420018222,35225477
40420034886,35225478
40420051552,35225479
40420068218,35225480
40420084886,35225481
40420101549,35225482
40420118219,35225483
40420134887,35225484
40420151552,35225485
40420168221,35225486
40420184885,35225487
40420201556,35225488
40420218219,35225489
40420234886,35225490
40420251553,35225491
40420268215,35225492
40420284885,35225493
40420301556,35225494
40420318225,35225495
40420334886,35225496
40420351556,35225497
40420368221,35225498
40420384888,35225499
40420401553,35225500
40420418219,35225501
40420434887,35225502
40420451554,35225503
40420468220,35225504
40420484887,35225505
40420501554,35225506
40420518219,35225507
40420534888,35225508
40420551558,35225509
40420568223,35225510
40420584884,35225511
40420601554,35225512
40420618220,35225513
40420634888,35225514
40420651554,35225515
40420668220,35225516
40420684888,35225517
40420701551,35225518
40420718220,35225519
40420734888,35225520
40420751555,35225521
40420768222,35225522
40420784888,35225523
40420801555,35225524
40420818221,35225525
40420834888,35225526
40420851555,35225527
40420868221,35225528
40420884888,35225529
40420901555,35225530
40420918221,35225531
40420934889,35225532
40420951556,35225533
40420968222,35225534
40420984889,35225535
40421001552,35225536
40421018223,35225537
40421034885,35225538
40421051556,35225539
40421068223,35225540
40421084890,35225541
40421101560,35225542
40421118222,35225543
40421134890,35225544
40421151556,35225545
40421168222,35225546
40421184889,35225547
40421201553,35225548
40421218223,35225549
40421234890,35225550
40421251557,35225551
40421268223,35225552
40421284890,35225553
40421301560,35225554
40421318223,35225555
40421334890,35225556
40421351552,35225557
40421368224,35225558
40421384893,35225559
40421401559,35225560
40421418224,35225561
40421434891,35225562
40421451560,35225563
40421468223,35225564
40421484891,35225565
40421501554,35225566
40421518228,35225567
40421534892,35225568
40421551558,35225569
40421568226,35225570
40421584892,35225571
40421601554,35225572
40421618224,35225573
40421634894,35225574
40421651561,35225575
40421668227,35225576
40421684894,35225577
40421701558,35225578
40421718225,35225579
40421734889,35225580
40421751561,35225581
40421768228,35225582
40421784894,35225583
40421801555,35225584
40421818225,35225585
40421834892,35225586
40421851562,35225587
40421868225,35225588
40421884889,35225589
40421901557,35225590
40421918225,35225591
40421934889,35225592
40421951563,35225593
40421968228,35225594
40421984889,35225595
40422001560,35225596
40422018229,35225597
40422034889,35225598
40422051561,35225599
40422068226,35225600
40422084889,35225601
40422101560,35225602
40422118227,35225603
40422134894,35225604
40422151564,35225605
40422168226,35225606
40422184894,35225607
40422201558,35225608
40422218231,35225609
40422234894,35225610
40422251564,35225611
40422268231,35225612
40422284893,35225613
40422301561,35225614
40422318227,35225615
40422334895,35225616
40422351564,35225617
40422368228,35225618
40422384894,35225619
40422401558,35225620
40422418227,35225621
40422434895,35225622
40422451562,35225623
40422468228,35225624
40422484894,35225625
40422501567,35225626
40422518228,35225627
40422534895,35225628
40422551562,35225629
40422568228,35225630
40422584895,35225631
40422601562,35225632
40422618228,35225633
40422634895,35225634
40422651562,35225635
40422668228,35225636
40422684895,35225637
