cycle,open_ms,close_ms
0,33.735,16.064
1,33.795,16.208
2,33.625,16.328
3,33.796,16.184
4,33.703,16.190
5,33.775,16.236
6,33.736,16.154
7,33.685,16.204
8,33.727,16.152
9,33.805,16.201
10,33.719,16.243
11,33.763,16.102
12,33.783,16.202
13,33.793,16.065
14,33.799,16.300
15,33.973,16.055
16,33.727,16.193
17,33.763,16.182
18,33.902,16.004
19,33.943,16.053
20,33.597,16.265
21,33.822,16.236
22,33.819,16.024
23,33.949,16.028
24,33.827,16.140
25,33.767,16.215
26,33.673,16.292
27,33.614,16.289
28,33.850,15.771
29,34.068,16.108
30,33.748,16.155
31,33.823,15.866
32,34.266,16.122
33,33.564,16.205
34,33.822,16.042
35,33.814,16.336
36,33.890,15.855
37,33.820,16.123
38,33.939,16.079
39,33.790,16.308
40,33.646,16.198
41,33.584,16.335
42,33.776,16.232
43,33.831,16.167
44,33.645,16.302
45,33.861,15.996
46,33.740,16.278
47,33.418,16.391
48,33.818,15.947
49,33.998,16.163
50,33.791,16.219
51,33.967,15.834
52,33.924,16.096
53,34.003,15.958
54,33.762,16.215
55,34.042,15.902
56,33.770,16.262
57,33.740,16.149
58,33.771,16.181
59,33.596,16.161
60,33.829,16.156
61,33.733,16.358
62,33.883,15.816
63,33.892,16.167
64,33.786,16.286
65,33.577,16.250
66,33.882,16.192
67,33.763,16.260
68,33.609,16.128
69,33.795,16.101
70,33.978,16.121
71,33.851,16.120
72,33.687,16.282
73,33.711,16.120
74,33.807,15.945
75,34.076,15.876
76,33.952,16.128
77,33.975,15.996
78,33.833,16.241
79,33.637,16.309
80,33.716,16.112
81,33.851,16.187
82,33.699,16.238
83,33.759,16.092
84,33.812,15.876
85,34.122,16.064
86,33.826,15.866
87,34.094,15.866
88,33.882,16.212
89,33.750,16.207
90,33.744,16.341
91,33.897,16.046
92,33.903,16.085
93,33.831,16.137
94,33.651,16.342
95,33.804,15.854
96,34.053,16.142
97,33.716,16.103
98,33.925,15.775
99,34.116,16.077
