phase,serial,ust_us,msc,mode
composed,133,16605757515,986211,COPY
composed,134,16605774182,986212,COPY
composed,135,16605790848,986213,COPY
composed,136,16605807515,986214,COPY
composed,137,16605824182,986215,COPY
composed,138,16605840849,986216,COPY
composed,139,16605857516,986217,COPY
composed,140,16605874182,986218,COPY
composed,141,16605890849,986219,COPY
composed,142,16605907516,986220,COPY
composed,143,16605924183,986221,COPY
composed,144,16605940849,986222,COPY
composed,145,16605957516,986223,COPY
composed,146,16605974183,986224,COPY
composed,147,16605990850,986225,COPY
composed,148,16606007517,986226,COPY
composed,149,16606024183,986227,COPY
composed,150,16606040850,986228,COPY
composed,151,16606057517,986229,COPY
composed,152,16606074184,986230,COPY
composed,153,16606090850,986231,COPY
composed,154,16606107517,986232,COPY
composed,155,16606124184,986233,COPY
composed,156,16606140851,986234,COPY
composed,157,16606157518,986235,COPY
composed,158,16606174184,986236,COPY
composed,159,16606190851,986237,COPY
composed,160,16606207518,986238,COPY
composed,161,16606224185,986239,COPY
composed,162,16606240851,986240,COPY
composed,163,16606257518,986241,COPY
composed,164,16606274185,986242,COPY
composed,165,16606290852,986243,COPY
composed,166,16606307519,986244,COPY
composed,167,16606324185,986245,COPY
composed,168,16606340852,986246,COPY
composed,169,16606357519,986247,COPY
composed,170,16606374186,986248,COPY
composed,171,16606390853,986249,COPY
composed,172,16606407519,986250,COPY
composed,173,16606424186,986251,COPY
composed,174,16606440853,986252,COPY
composed,175,16606457520,986253,COPY
composed,176,16606474186,986254,COPY
composed,177,16606490853,986255,COPY
composed,178,16606507520,986256,COPY
composed,179,16606524187,986257,COPY
composed,180,16606540854,986258,COPY
composed,181,16606557520,986259,COPY
composed,182,16606574187,986260,COPY
composed,183,16606590854,986261,COPY
composed,184,16606607521,986262,COPY
composed,185,16606624187,986263,COPY
composed,186,16606640854,986264,COPY
composed,187,16606657521,986265,COPY
composed,188,16606674188,986266,COPY
composed,189,16606690855,986267,COPY
composed,190,16606707521,986268,COPY
composed,191,16606724188,986269,COPY
composed,192,16606740855,986270,COPY
composed,193,16606757522,986271,COPY
composed,194,16606774188,986272,COPY
composed,195,16606790855,986273,COPY
composed,196,16606807522,986274,COPY
composed,197,16606824189,986275,COPY
composed,198,16606840856,986276,COPY
composed,199,16606857522,986277,COPY
composed,200,16606874189,986278,COPY
composed,201,16606890856,986279,COPY
composed,202,16606907523,986280,COPY
composed,203,16606924189,986281,COPY
composed,204,16606940856,986282,COPY
composed,205,16606957523,986283,COPY
composed,206,16606974190,986284,COPY
composed,207,16606990857,986285,COPY
composed,208,16607007523,986286,COPY
composed,209,16607024190,986287,COPY
composed,210,16607040857,986288,COPY
composed,211,16607057524,986289,COPY
composed,212,16607074190,986290,COPY
composed,213,16607090857,986291,COPY
composed,214,16607107524,986292,COPY
composed,215,16607124191,986293,COPY
composed,216,16607140858,986294,COPY
composed,217,16607157524,986295,COPY
composed,218,16607174191,986296,COPY
composed,219,16607190858,986297,COPY
composed,220,16607207525,986298,COPY
composed,221,16607224191,986299,COPY
composed,222,16607240858,986300,COPY
composed,223,16607257525,986301,COPY
composed,224,16607274192,986302,COPY
composed,225,16607290859,986303,COPY
composed,226,16607307525,986304,COPY
composed,227,16607324192,986305,COPY
composed,228,16607340859,986306,COPY
composed,229,16607357526,986307,COPY
composed,230,16607374193,986308,COPY
composed,231,16607390859,986309,COPY
composed,232,16607407526,986310,COPY
composed,233,16607424193,986311,COPY
composed,234,16607440860,986312,COPY
composed,235,16607457526,986313,COPY
composed,236,16607474193,986314,COPY
composed,237,16607490860,986315,COPY
composed,238,16607507527,986316,COPY
composed,239,16607524194,986317,COPY
composed,240,16607540860,986318,COPY
composed,241,16607557527,986319,COPY
composed,242,16607574194,986320,COPY
composed,243,16607590861,986321,COPY
composed,244,16607607527,986322,COPY
composed,245,16607624194,986323,COPY
composed,246,16607640861,986324,COPY
composed,247,16607657528,986325,COPY
composed,248,16607674195,986326,COPY
composed,249,16607690861,986327,COPY
composed,250,16607707528,986328,COPY
composed,251,16607724195,986329,COPY
composed,252,16607740862,986330,COPY
composed,253,16607757528,986331,COPY
composed,254,16607774195,986332,COPY
composed,255,16607790862,986333,COPY
composed,256,16607807529,986334,COPY
composed,257,16607824196,986335,COPY
composed,258,16607840862,986336,COPY
composed,259,16607857529,986337,COPY
composed,260,16607874196,986338,COPY
composed,261,16607890863,986339,COPY
composed,262,16607907529,986340,COPY
composed,263,16607924196,986341,COPY
composed,264,16607940863,986342,COPY
composed,265,16607957530,986343,COPY
composed,266,16607974197,986344,COPY
composed,267,16607990863,986345,COPY
composed,268,16608007530,986346,COPY
composed,269,16608024197,986347,COPY
composed,270,16608040864,986348,COPY
composed,271,16608057530,986349,COPY
composed,272,16608074197,986350,COPY
composed,273,16608090864,986351,COPY
composed,274,16608107531,986352,COPY
composed,275,16608124198,986353,COPY
composed,276,16608140864,986354,COPY
composed,277,16608157531,986355,COPY
composed,278,16608174198,986356,COPY
composed,279,16608190865,986357,COPY
composed,280,16608207531,986358,COPY
composed,281,16608224198,986359,COPY
composed,282,16608240865,986360,COPY
composed,283,16608257532,986361,COPY
composed,284,16608274199,986362,COPY
composed,285,16608290865,986363,COPY
composed,286,16608307532,986364,COPY
composed,287,16608324199,986365,COPY
composed,288,16608340866,986366,COPY
composed,289,16608357533,986367,COPY
composed,290,16608374199,986368,COPY
composed,291,16608390866,986369,COPY
composed,292,16608407533,986370,COPY
composed,293,16608424200,986371,COPY
composed,294,16608440866,986372,COPY
composed,295,16608457533,986373,COPY
composed,296,16608474200,986374,COPY
composed,297,16608490867,986375,COPY
composed,298,16608507534,986376,COPY
composed,299,16608524200,986377,COPY
composed,300,16608540867,986378,COPY
composed,301,16608557534,986379,COPY
composed,302,16608574201,986380,COPY
composed,303,16608590867,986381,COPY
composed,304,16608607534,986382,COPY
composed,305,16608624201,986383,COPY
composed,306,16608640868,986384,COPY
composed,307,16608657535,986385,COPY
composed,308,16608674201,986386,COPY
composed,309,16608690868,986387,COPY
composed,310,16608707535,986388,COPY
composed,311,16608724202,986389,COPY
composed,312,16608740868,986390,COPY
composed,313,16608757535,986391,COPY
composed,314,16608774202,986392,COPY
composed,315,16608790869,986393,COPY
composed,316,16608807536,986394,COPY
composed,317,16608824202,986395,COPY
composed,318,16608840869,986396,COPY
composed,319,16608857536,986397,COPY
composed,320,16608874203,986398,COPY
composed,321,16608890869,986399,COPY
composed,322,16608907536,986400,COPY
composed,323,16608924203,986401,COPY
composed,324,16608940870,986402,COPY
composed,325,16608957536,986403,COPY
composed,326,16608974203,986404,COPY
composed,327,16608990870,986405,COPY
composed,328,16609007537,986406,COPY
composed,329,16609024204,986407,COPY
composed,330,16609040870,986408,COPY
composed,331,16609057537,986409,COPY
composed,332,16609074204,986410,COPY
composed,333,16609090871,986411,COPY
composed,334,16609107538,986412,COPY
composed,335,16609124204,986413,COPY
composed,336,16609140871,986414,COPY
composed,337,16609157538,986415,COPY
composed,338,16609174205,986416,COPY
composed,339,16609190871,986417,COPY
composed,340,16609207538,986418,COPY
composed,341,16609224205,986419,COPY
composed,342,16609240872,986420,COPY
composed,343,16609257539,986421,COPY
composed,344,16609274205,986422,COPY
composed,345,16609290872,986423,COPY
composed,346,16609307539,986424,COPY
composed,347,16609324206,986425,COPY
composed,348,16609340872,986426,COPY
composed,349,16609357539,986427,COPY
composed,350,16609374206,986428,COPY
composed,351,16609390873,986429,COPY
composed,352,16609407540,986430,COPY
composed,353,16609424206,986431,COPY
composed,354,16609440873,986432,COPY
composed,355,16609457540,986433,COPY
composed,356,16609474207,986434,COPY
composed,357,16609490873,986435,COPY
composed,358,16609507540,986436,COPY
composed,359,16609524207,986437,COPY
composed,360,16609540874,986438,COPY
composed,361,16609557541,986439,COPY
composed,362,16609574207,986440,COPY
composed,363,16609590874,986441,COPY
composed,364,16609607541,986442,COPY
composed,365,16609624208,986443,COPY
composed,366,16609640875,986444,COPY
composed,367,16609657541,986445,COPY
composed,368,16609674208,986446,COPY
composed,369,16609690875,986447,COPY
composed,370,16609707542,986448,COPY
composed,371,16609724208,986449,COPY
composed,372,16609740875,986450,COPY
composed,373,16609757542,986451,COPY
composed,374,16609774209,986452,COPY
composed,375,16609790876,986453,COPY
composed,376,16609807542,986454,COPY
composed,377,16609824209,986455,COPY
composed,378,16609840876,986456,COPY
composed,379,16609857543,986457,COPY
composed,380,16609874209,986458,COPY
composed,381,16609890876,986459,COPY
composed,382,16609907543,986460,COPY
composed,383,16609924210,986461,COPY
composed,384,16609940877,986462,COPY
composed,385,16609957543,986463,COPY
composed,386,16609974210,986464,COPY
composed,387,16609990877,986465,COPY
composed,388,16610007544,986466,COPY
composed,389,16610024210,986467,COPY
composed,390,16610040877,986468,COPY
composed,391,16610057544,986469,COPY
composed,392,16610074211,986470,COPY
composed,393,16610090878,986471,COPY
composed,394,16610107544,986472,COPY
composed,395,16610124211,986473,COPY
composed,396,16610140878,986474,COPY
composed,397,16610157545,986475,COPY
composed,398,16610174211,986476,COPY
composed,399,16610190878,986477,COPY
composed,400,16610207545,986478,COPY
composed,401,16610224212,986479,COPY
composed,402,16610240879,986480,COPY
composed,403,16610257545,986481,COPY
composed,404,16610274212,986482,COPY
composed,405,16610290879,986483,COPY
composed,406,16610307546,986484,COPY
composed,407,16610324212,986485,COPY
composed,408,16610340879,986486,COPY
composed,409,16610357546,986487,COPY
composed,410,16610374213,986488,COPY
composed,411,16610390880,986489,COPY
composed,412,16610407546,986490,COPY
composed,413,16610424213,986491,COPY
composed,414,16610440880,986492,COPY
composed,415,16610457547,986493,COPY
composed,416,16610474213,986494,COPY
composed,417,16610490880,986495,COPY
composed,418,16610507547,986496,COPY
composed,419,16610524214,986497,COPY
composed,420,16610540881,986498,COPY
composed,421,16610557547,986499,COPY
composed,422,16610574214,986500,COPY
composed,423,16610590881,986501,COPY
composed,424,16610607548,986502,COPY
composed,425,16610624214,986503,COPY
composed,426,16610640881,986504,COPY
composed,427,16610657548,986505,COPY
composed,428,16610674215,986506,COPY
composed,429,16610690882,986507,COPY
composed,430,16610707548,986508,COPY
composed,431,16610724215,986509,COPY
composed,432,16610740882,986510,COPY
composed,433,16610757549,986511,COPY
composed,434,16610774215,986512,COPY
composed,435,16610790882,986513,COPY
composed,436,16610807549,986514,COPY
composed,437,16610824216,986515,COPY
composed,438,16610840883,986516,COPY
composed,439,16610857549,986517,COPY
composed,440,16610874216,986518,COPY
composed,441,16610890883,986519,COPY
composed,442,16610907550,986520,COPY
composed,443,16610924216,986521,COPY
composed,444,16610940883,986522,COPY
composed,445,16610957550,986523,COPY
composed,446,16610974217,986524,COPY
composed,447,16610990884,986525,COPY
composed,448,16611007550,986526,COPY
composed,449,16611024217,986527,COPY
composed,450,16611040884,986528,COPY
composed,451,16611057551,986529,COPY
composed,452,16611074217,986530,COPY
composed,453,16611090884,986531,COPY
composed,454,16611107551,986532,COPY
composed,455,16611124218,986533,COPY
composed,456,16611140885,986534,COPY
composed,457,16611157551,986535,COPY
composed,458,16611174218,986536,COPY
composed,459,16611190885,986537,COPY
composed,460,16611207552,986538,COPY
composed,461,16611224218,986539,COPY
composed,462,16611240885,986540,COPY
composed,463,16611257552,986541,COPY
composed,464,16611274219,986542,COPY
composed,465,16611290886,986543,COPY
composed,466,16611307552,986544,COPY
composed,467,16611324219,986545,COPY
composed,468,16611340886,986546,COPY
composed,469,16611357553,986547,COPY
composed,470,16611374219,986548,COPY
composed,471,16611390886,986549,COPY
composed,472,16611407553,986550,COPY
composed,473,16611424220,986551,COPY
composed,474,16611440887,986552,COPY
composed,475,16611457553,986553,COPY
composed,476,16611474220,986554,COPY
composed,477,16611490887,986555,COPY
composed,478,16611507554,986556,COPY
composed,479,16611524220,986557,COPY
composed,480,16611540887,986558,COPY
composed,481,16611557554,986559,COPY
composed,482,16611574221,986560,COPY
composed,483,16611590888,986561,COPY
composed,484,16611607554,986562,COPY
composed,485,16611624221,986563,COPY
composed,486,16611640888,986564,COPY
composed,487,16611657555,986565,COPY
composed,488,16611674222,986566,COPY
composed,489,16611690888,986567,COPY
composed,490,16611707555,986568,COPY
composed,491,16611724222,986569,COPY
composed,492,16611740889,986570,COPY
composed,493,16611757555,986571,COPY
composed,494,16611774222,986572,COPY
composed,495,16611790889,986573,COPY
composed,496,16611807556,986574,COPY
composed,497,16611824223,986575,COPY
composed,498,16611840889,986576,COPY
composed,499,16611857556,986577,COPY
composed,500,16611874223,986578,COPY
composed,501,16611890890,986579,COPY
composed,502,16611907556,986580,COPY
composed,503,16611924223,986581,COPY
composed,504,16611940890,986582,COPY
composed,505,16611957557,986583,COPY
composed,506,16611974224,986584,COPY
composed,507,16611990890,986585,COPY
composed,508,16612007557,986586,COPY
composed,509,16612024224,986587,COPY
composed,510,16612040891,986588,COPY
composed,511,16612057557,986589,COPY
composed,512,16612074224,986590,COPY
composed,513,16612090891,986591,COPY
composed,514,16612107558,986592,COPY
composed,515,16612124225,986593,COPY
composed,516,16612140891,986594,COPY
composed,517,16612157558,986595,COPY
composed,518,16612174225,986596,COPY
composed,519,16612190892,986597,COPY
composed,520,16612207558,986598,COPY
composed,521,16612224225,986599,COPY
composed,522,16612240892,986600,COPY
composed,523,16612257559,986601,COPY
composed,524,16612274226,986602,COPY
composed,525,16612290892,986603,COPY
composed,526,16612307559,986604,COPY
composed,527,16612324226,986605,COPY
composed,528,16612340893,986606,COPY
composed,529,16612357559,986607,COPY
composed,530,16612374226,986608,COPY
composed,531,16612390893,986609,COPY
composed,532,16612407560,986610,COPY
composed,533,16612424227,986611,COPY
composed,534,16612440893,986612,COPY
composed,535,16612457560,986613,COPY
composed,536,16612474227,986614,COPY
composed,537,16612490894,986615,COPY
composed,538,16612507560,986616,COPY
composed,539,16612524227,986617,COPY
composed,540,16612540894,986618,COPY
composed,541,16612557561,986619,COPY
composed,542,16612574227,986620,COPY
composed,543,16612590894,986621,COPY
composed,544,16612607561,986622,COPY
composed,545,16612624228,986623,COPY
composed,546,16612640895,986624,COPY
composed,547,16612657561,986625,COPY
composed,548,16612674228,986626,COPY
composed,549,16612690895,986627,COPY
composed,550,16612707562,986628,COPY
composed,551,16612724229,986629,COPY
composed,552,16612740895,986630,COPY
composed,553,16612757562,986631,COPY
composed,554,16612774229,986632,COPY
composed,555,16612790896,986633,COPY
composed,556,16612807562,986634,COPY
composed,557,16612824229,986635,COPY
composed,558,16612840896,986636,COPY
composed,559,16612857563,986637,COPY
composed,560,16612874230,986638,COPY
composed,561,16612890896,986639,COPY
composed,562,16612907563,986640,COPY
composed,563,16612924230,986641,COPY
composed,564,16612940897,986642,COPY
composed,565,16612957563,986643,COPY
composed,566,16612974230,986644,COPY
composed,567,16612990897,986645,COPY
composed,568,16613007564,986646,COPY
composed,569,16613024231,986647,COPY
composed,570,16613040897,986648,COPY
composed,571,16613057564,986649,COPY
composed,572,16613074231,986650,COPY
composed,573,16613090898,986651,COPY
composed,574,16613107564,986652,COPY
composed,575,16613124231,986653,COPY
composed,576,16613140898,986654,COPY
composed,577,16613157565,986655,COPY
composed,578,16613174232,986656,COPY
composed,579,16613190898,986657,COPY
composed,580,16613207565,986658,COPY
composed,581,16613224232,986659,COPY
composed,582,16613240899,986660,COPY
composed,583,16613257565,986661,COPY
composed,584,16613274232,986662,COPY
composed,585,16613290899,986663,COPY
composed,586,16613307566,986664,COPY
composed,587,16613324233,986665,COPY
composed,588,16613340899,986666,COPY
composed,589,16613357566,986667,COPY
composed,590,16613374233,986668,COPY
composed,591,16613390900,986669,COPY
composed,592,16613407566,986670,COPY
composed,593,16613424233,986671,COPY
composed,594,16613440900,986672,COPY
composed,595,16613457575,986673,COPY
composed,596,16613474234,986674,COPY
composed,597,16613490900,986675,COPY
composed,598,16613507567,986676,COPY
composed,599,16613524234,986677,COPY
composed,600,16613540901,986678,COPY
composed,601,16613557567,986679,COPY
composed,602,16613574234,986680,COPY
composed,603,16613590901,986681,COPY
composed,604,16613607568,986682,COPY
composed,605,16613624235,986683,COPY
composed,606,16613640901,986684,COPY
composed,607,16613657568,986685,COPY
composed,608,16613674235,986686,COPY
composed,609,16613690902,986687,COPY
composed,610,16613707568,986688,COPY
composed,611,16613724235,986689,COPY
composed,612,16613740902,986690,COPY
composed,613,16613757569,986691,COPY
composed,614,16613774236,986692,COPY
composed,615,16613790902,986693,COPY
composed,616,16613807569,986694,COPY
composed,617,16613824236,986695,COPY
composed,618,16613840903,986696,COPY
composed,619,16613857569,986697,COPY
composed,620,16613874236,986698,COPY
composed,621,16613890903,986699,COPY
composed,622,16613907570,986700,COPY
composed,623,16613924236,986701,COPY
composed,624,16613940903,986702,COPY
composed,625,16613957570,986703,COPY
composed,626,16613974237,986704,COPY
composed,627,16613990904,986705,COPY
composed,628,16614007570,986706,COPY
composed,629,16614024237,986707,COPY
composed,630,16614040904,986708,COPY
composed,631,16614057571,986709,COPY
composed,632,16614074238,986710,COPY
composed,633,16614090904,986711,COPY
composed,634,16614107571,986712,COPY
composed,635,16614124238,986713,COPY
composed,636,16614140904,986714,COPY
composed,637,16614157571,986715,COPY
composed,638,16614174238,986716,COPY
composed,639,16614190905,986717,COPY
composed,640,16614207572,986718,COPY
composed,641,16614224239,986719,COPY
composed,642,16614240905,986720,COPY
composed,643,16614257572,986721,COPY
composed,644,16614274239,986722,COPY
composed,645,16614290906,986723,COPY
composed,646,16614307572,986724,COPY
composed,647,16614324239,986725,COPY
composed,648,16614340906,986726,COPY
composed,649,16614357573,986727,COPY
composed,650,16614374240,986728,COPY
composed,651,16614390906,986729,COPY
composed,652,16614407573,986730,COPY
composed,653,16614424240,986731,COPY
composed,654,16614440907,986732,COPY
composed,655,16614457573,986733,COPY
composed,656,16614474240,986734,COPY
composed,657,16614490907,986735,COPY
composed,658,16614507574,986736,COPY
composed,659,16614524241,986737,COPY
composed,660,16614540907,986738,COPY
composed,661,16614557574,986739,COPY
composed,662,16614574241,986740,COPY
composed,663,16614590908,986741,COPY
composed,664,16614607574,986742,COPY
composed,665,16614624241,986743,COPY
composed,666,16614640908,986744,COPY
composed,667,16614657575,986745,COPY
composed,668,16614674242,986746,COPY
composed,669,16614690908,986747,COPY
composed,670,16614707575,986748,COPY
composed,671,16614724242,986749,COPY
composed,672,16614740909,986750,COPY
composed,673,16614757575,986751,COPY
composed,674,16614774242,986752,COPY
composed,675,16614790913,986753,COPY
composed,676,16614807576,986754,COPY
composed,677,16614824243,986755,COPY
composed,678,16614840909,986756,COPY
composed,679,16614857576,986757,COPY
composed,680,16614874243,986758,COPY
composed,681,16614890910,986759,COPY
composed,682,16614907576,986760,COPY
composed,683,16614924243,986761,COPY
composed,684,16614940910,986762,COPY
composed,685,16614957577,986763,COPY
composed,686,16614974244,986764,COPY
composed,687,16614990910,986765,COPY
composed,688,16615007577,986766,COPY
composed,689,16615024244,986767,COPY
composed,690,16615040911,986768,COPY
composed,691,16615057577,986769,COPY
composed,692,16615074244,986770,COPY
composed,693,16615090911,986771,COPY
composed,694,16615107578,986772,COPY
composed,695,16615124245,986773,COPY
composed,696,16615140911,986774,COPY
composed,697,16615157578,986775,COPY
composed,698,16615174245,986776,COPY
composed,699,16615190912,986777,COPY
composed,700,16615207578,986778,COPY
composed,701,16615224245,986779,COPY
composed,702,16615240912,986780,COPY
composed,703,16615257579,986781,COPY
composed,704,16615274246,986782,COPY
composed,705,16615290912,986783,COPY
composed,706,16615307579,986784,COPY
composed,707,16615324246,986785,COPY
composed,708,16615340913,986786,COPY
composed,709,16615357579,986787,COPY
composed,710,16615374246,986788,COPY
composed,711,16615390913,986789,COPY
composed,712,16615407580,986790,COPY
composed,713,16615424247,986791,COPY
composed,714,16615440913,986792,COPY
composed,715,16615457580,986793,COPY
composed,716,16615474247,986794,COPY
composed,717,16615490914,986795,COPY
composed,718,16615507580,986796,COPY
composed,719,16615524247,986797,COPY
composed,720,16615540914,986798,COPY
composed,721,16615557581,986799,COPY
composed,722,16615574248,986800,COPY
composed,723,16615590914,986801,COPY
composed,724,16615607581,986802,COPY
composed,725,16615624248,986803,COPY
composed,726,16615640915,986804,COPY
composed,727,16615657581,986805,COPY
composed,728,16615674248,986806,COPY
composed,729,16615690915,986807,COPY
composed,730,16615707582,986808,COPY
composed,731,16615724249,986809,COPY
composed,732,16615740915,986810,COPY
