phase,process,seconds,cpu_ticks,clock_ticks_per_second,cpu_percent_one_core,rss_before_kib,rss_after_kib
idle,compust,10.009628,0,100,0.0000,3876,3876
idle,server,10.009628,0,100,0.0000,62124,62124
idle,host,10.009628,0,100,0.0000,48888,48888
idle,wm,10.009628,0,100,0.0000,43980,43980
idle,probe,10.009628,1,100,0.0999,3472,3472
active,compust,10.000354,3,100,0.3000,3876,3876
active,server,10.000354,99,100,9.8997,62124,62124
active,host,10.000354,33,100,3.2999,48888,48888
active,wm,10.000354,0,100,0.0000,43980,43980
active,probe,10.000354,2,100,0.2000,3472,3472
