compositor,blur,scene,seconds,completions,damage_events,interval_median_ms,interval_p95_ms,interval_max_ms,skipped_vblanks,msc_discontinuities,compositor_cpu,server_cpu,wm_cpu,probe_cpu,compositor_rss_before_kib,compositor_rss_after_kib,open_median_ms,open_p95_ms,open_max_ms,close_median_ms,close_p95_ms,close_max_ms,gpu_busy_mean,gpu_busy_max
compust,0,idle,20.002,0,0,,,,0,0,0.00,5.35,0.00,1.15,3888,3888,,,,,,,0.0,0
compust,0,small-update,20.001,1200,1200,16.667,16.677,16.678,0,0,0.20,7.20,0.00,0.65,3892,3892,,,,,,,6.9,9
compust,0,fullscreen-translucent,20.001,1200,1200,16.667,16.676,16.678,0,0,0.25,7.20,0.00,0.60,3892,3892,,,,,,,7.2,9
compust,1,fullscreen-translucent,20.001,1200,1200,16.667,16.673,16.675,0,0,0.25,7.25,0.00,0.60,3956,3956,,,,,,,7.4,9
compust,0,eight-translucent,20.000,1200,1200,16.667,16.677,16.678,0,0,0.40,7.60,0.00,0.70,3900,3900,,,,,,,7.2,10
compust,1,eight-translucent,20.001,1200,1200,16.667,16.677,16.678,0,0,0.45,7.75,0.00,0.65,3912,3912,,,,,,,7.6,9
compust,0,covered,20.000,1200,1200,16.667,16.673,16.676,0,0,0.20,7.20,0.00,0.70,3900,3900,,,,,,,6.9,9
compust,1,covered,20.001,1200,1200,16.667,16.674,16.676,0,0,0.25,7.20,0.00,0.60,3908,3908,,,,,,,6.9,9
compust,0,move-resize,20.000,1200,1200,16.667,16.674,16.677,0,0,0.95,8.20,0.10,0.65,3956,3956,,,,,,,7.0,9
compust,0,open-close,3.333,200,200,16.667,16.675,16.677,0,0,0.30,8.40,0.00,0.60,3944,3944,16.580,16.723,16.769,16.711,16.830,17.053,7.3,9
